{"cameraMode":{"drawMode":0,"name":"Shaded","section":"Shading Mode"},"sceneLighting":false,"audioPlay":false,"sceneViewState":{"showFog":true,"showMaterialUpdate":false,"showSkybox":false,"showFlares":true,"showImageEffects":true,"showParticleSystems":true},"in2DMode":false,"pivot":{"x":-1.355738878250122,"y":-1.1262112855911255,"z":-1.9058377742767335},"rotation":{"x":-0.4378012716770172,"y":-0.46926406025886538,"z":0.28922969102859499,"w":-0.7104128003120422},"size":23.813459396362306,"orthographic":false}