{"cameraMode":{"drawMode":0,"name":"Shaded","section":"Shading Mode"},"sceneLighting":true,"audioPlay":false,"sceneViewState":{"showFog":true,"showMaterialUpdate":false,"showSkybox":true,"showFlares":true,"showImageEffects":true,"showParticleSystems":true},"in2DMode":false,"pivot":{"x":9.161139488220215,"y":4.133901596069336,"z":-3.3234291076660158},"rotation":{"x":-0.3786429166793823,"y":-0.31115105748176577,"z":0.1368192583322525,"w":-0.8609970211982727},"size":14.883275032043457,"orthographic":false}